id;name;email;phone_number
1;Iceland Krona matrix Sao Tome and Principe;Jenifer13@gmail.com;Virtual
2;Norfolk Island override payment;Lolita.Haley@gmail.com;Liaison navigate
3;Somoni;Carlos76@yahoo.com;Plastic
4;Networked encompassing;Alexandre_Ortiz@hotmail.com;expedite
5;East Caribbean Dollar Analyst Personal Loan Account;Loyce_Paucek4@yahoo.com;Wooden
6;Central African Republic Dalasi Configuration;Nikita.Hartmann84@gmail.com;Auto Loan Account
7;Auto Loan Account bluetooth Alaska;Jaqueline.Mann@gmail.com;Handcrafted Concrete Tuna
8;Tugrik Fantastic solid state;Yesenia.Lockman27@hotmail.com;Generic Wooden Pants
9;gold;Marquise69@gmail.com;Heights proactive
10;copy cutting-edge;Cortney_Strosin@gmail.com;Sausages Jewelery array
